id,col1,col2,col3,target
1,-0.1254598811526375,0.45071430640991617,0.2319939418114051,-1.5403950034492775
2,0.0986584841970366,-0.3439813595575635,-0.34400547966379735,3.009567017880128
3,-0.44191638783180054,0.3661761457749352,0.1011150117432088,-0.934084021669405
4,0.2080725777960455,-0.47941550570419755,0.4699098521619943,1.6358603755694026
5,0.33244264080042174,-0.28766088932172384,-0.3181750327928994,0.8821816426705174
6,-0.3165954901465662,-0.19575775704046228,0.02475643163223784,1.1420755762088564
7,-0.06805498135788424,-0.2087708598019581,0.11185289472237947,0.6767113713882956
8,-0.36050613934795817,-0.20785535146478185,-0.1336381567063083,0.8982746668188846
9,-0.04393001578296407,0.2851759613930136,-0.30032621784164026,-1.4381147264568483
10,0.014234438413611605,0.09241456886204247,-0.4535495872800023,-0.7852195714854263
11,0.10754485190143837,-0.32947587631270847,-0.4349484070147205,0.6997994428136912
12,0.44888553725333324,0.46563203307455936,0.30839734811646113,-2.6575295153252974
13,-0.19538623082662931,-0.40232788599361613,0.1842330265121569,2.118423321043255
14,-0.0598475062603987,-0.3779617651552212,-0.004823089888729815,1.5130076429510275
15,-0.4656114788847816,0.40932040207878206,-0.24122001839998308,-0.22385227916059802
16,0.16252228435398197,-0.18828892391058905,0.020068021177810813,0.818022651523461
17,0.04671027934327965,-0.31514554447447296,0.46958462776455856,1.1899341398733783
18,0.27513282336111455,0.4394989415641891,0.3948273504276488,-1.6956910720601979
19,0.09789997881108514,0.42187423502311683,-0.4115074979480805,-2.075319509022044
20,-0.3040171375808548,-0.45477271108946193,-0.17466966923673566,1.3278204656755994
21,-0.11132271031051799,-0.2286509682261041,0.32873750915192934,2.0056942058794975
22,-0.14324667330641072,-0.21906549031261924,0.042696083158248466,0.8496732886019824
23,-0.35907577502523735,0.30219698075403967,-0.4254493563202292,-1.5879135448746908
24,0.4868869366005173,0.2722447692966574,-0.3012843184658276,-1.5937367343796467
25,-0.4944778828763976,0.31546142845483416,0.20685734384761711,-0.2534303141298432
26,0.2290071680409873,0.27127034668594574,-0.42595534826590964,-2.3385663530732606
27,-0.1415342714557274,-0.3841309404748703,0.3631034258755935,3.8472627216347894
28,0.12329812682755792,-0.1691019751473508,-0.43644164971397637,-0.5998711549557693
29,-0.1890176782843378,-0.17481667797325295,0.22960617833806407,0.9728130344211859
30,0.13755747135521312,0.38721274257632654,-0.027785074838050705,-1.5568125346323587
31,-0.3804057540616983,0.213244787222995,0.26078504861689744,-0.384043601531148
32,0.06127719756949623,0.270967179954561,-0.006204403635609257,-1.129387320823799
33,0.022732829381994057,-0.07245898164145037,-0.4745808732559048,0.73201344541972
34,-0.39210857300669555,-0.46857081431326575,0.1364104112637804,2.9824753888280178
35,-0.18564401892367333,0.00857069116470277,0.407566473926093,-0.8449581660122102
36,-0.25070777085112506,-0.08961707696437027,0.2555511385430487,1.8333914243868739
37,-0.27120183450837754,-0.423020090171207,-0.21024854708623197,1.6293471036081573
38,-0.3387787127459956,0.42969765234257307,0.30812037956441696,-2.6428995861139875
39,0.13340375651042347,0.3714605901877177,0.30367207689911446,-1.1875710875856424
40,-0.31342994111396416,0.3925589984899778,0.03934224191565072,-1.5505139526664309
41,0.30744015516406253,0.39609129992349323,-0.18199652502813612,-1.6817168965889446
42,-0.38994807547232324,-0.2720648374580583,-0.07289221137374369,1.3198160334952052
43,0.3180147659224931,0.36073058325634344,-0.4930478694688093,-0.2717498242161823
44,0.010747302577565732,-0.08258899685122101,-0.27789218952926975,0.20409915283692906
45,-0.3801346326663172,-0.16238482859637204,0.44290970391251916,3.580627211866129
46,-0.17679706797924477,0.018790621743366098,0.20301895889517785,-0.252023872521192
47,-0.13637039762070602,0.47178208272096067,0.46244729494211123,-3.3540416738131538
48,-0.24821770417463584,-0.0027514941076145494,-0.19912169018323034,-0.6772895573097687
49,-0.2151595056225324,-0.4631130526454672,0.10956433397989684,2.7401258578725156
50,0.002679023228861488,-0.44852124875001065,-0.22135353576338856,1.7456831468254772
51,0.4082658859666537,-0.2604381093330276,-0.3551051279087769,0.3377540304361517
52,-0.010547239722436985,0.4856504541106007,-0.2579447284884996,-2.9946482171555444
53,0.17213554740587855,0.2616196153287176,-0.26236245600760033,-0.3181385791357114
54,0.22821634861185958,-0.13221686728074677,0.13230583059357948,0.5904065722344359
55,0.1335297107608947,0.03577468407475848,-0.4097102299455917,-1.6639913045103742
56,0.33530249558923797,-0.17921993502826417,-0.31348148960014577,-0.5056643663411804
57,-0.4592248584452361,0.09089294318824181,0.17756436184228241,0.5456678584404544
58,-0.48341217107214385,0.012093058299280979,-0.27350422480206205,1.3692911586826404
59,0.14517279040944986,-0.32563357099500856,0.19093773810246595,2.6361917309744722
60,-0.11326465369946259,0.4367299887367345,-0.36247905585400675,-1.2061843368592127
61,-0.1589336489497415,-0.38652647875941093,0.4246936182785628,1.2075799816951522
62,0.377339353380981,-0.2420583722848444,0.15998404603417904,1.5830788861742662
63,0.31722220020121583,0.05520081159946233,0.029650578356006485,0.27362110874724105
64,-0.2581477090995483,-0.4068972321941008,0.39721575795332675,2.8500469499903547
65,0.40041805716333045,0.13310145727326794,-0.16097020895129932,-0.23634239945032434
66,-0.1507904253873391,0.22595567887023937,0.3971102599525771,-0.3032620008018174
67,0.3870864242651173,0.27987554585762386,0.14203164615428776,-0.6379967567593074
68,-0.41586003500495117,-0.33837128590538623,0.39855418852707925,2.5224907598710957
69,0.10642905965958993,-0.49080294838337035,-0.3985284571339679,5.05257684721993
70,0.1635017691080558,-0.4949384161537813,-0.33919194858250135,2.3432922193353036
71,0.04873378936658612,0.19189519769269325,0.15196125950260053,-0.6315860688709074
72,-0.2757306905394402,0.21217922134753586,-0.26275091250319993,0.2851922173668572
73,-0.17460030184073227,0.24649140511802414,0.14963289904721466,-0.6647872776838172
74,0.34922341049417793,0.15761289230034337,0.06830860333547162,-0.30905171465282405
75,-0.4063252321719075,-0.13228419694056648,-0.23479763231827455,-0.30075886541965446
76,-0.2560103566209164,0.4730105547524456,-0.1069022753332396,-2.136800399191183
77,0.3920465551771133,0.1311386259972629,0.2948113035416484,-0.5207138558395135
78,0.002637093105192112,0.07690388462635911,-0.0074823061811361,-0.33689715083292937
79,-0.3047570122019555,0.22245211526150532,-0.2192276375591442,-0.5923269659546742
80,-0.47568403356854616,0.14547229590716781,-0.32288932059295106,0.6031666845956412
81,0.4404585843529143,0.4539285770025874,0.4148643902204485,-1.09775996188902
82,-0.1298412997445556,-0.48454338347113257,0.4283185625877254,1.1712783925796588
83,-0.07181585168268567,0.46665481904366957,0.46361997708925284,-3.3708714531041286
84,0.35300945546736007,-0.2055511079304143,-0.11490227139807474,0.9925606022225537
85,0.3511366715168569,-0.18307799484372234,-0.3305072533139075,0.4752658843128954
86,0.056801262458350155,0.43615477416078097,0.196029796674973,-2.1936718071355283
87,0.07006117008936497,-0.40282350622923146,0.11500722669916974,1.9609928840049067
88,0.4900538501042633,-0.35991598476347597,0.018329652363736737,2.1576532457086053
89,0.37737307192795544,0.24076861775420444,0.19701574099526797,-0.3584303305687311
90,0.20248408398710926,-0.14050884878024483,-0.20640815573550664,0.18153675785203127
91,0.3093611554785136,0.31011339467918075,0.3670723185801037,-1.000222252352733
92,0.4132405525564713,0.011342398860937797,0.0015162946871996041,0.46143856689250207
93,0.29829517896677515,0.14996393077776515,0.20196687725770335,-0.6555661432420754
94,0.29579266943610105,0.3900053418175663,-0.1620048431484642,-1.1453673384539578
95,-0.12441704736005599,-0.406018060159131,0.07828014099617397,1.6518447659478348
96,-0.4640577262032579,-0.034401981867539844,0.04264463470757662,0.5411245328773738
97,-0.2134587478717156,0.09083326056901075,-0.46949975006095057,0.05514218387960715
98,-0.4626518112507856,0.32260056065965825,-0.1398093585887371,0.011008655646968069
99,-0.3729394873481152,0.02224326005480437,0.26999355309861084,-0.07048193029686795
100,-0.2841789725031568,0.12289047581900026,-0.414652535006232,0.08565827576905977
101,-0.4483182788313923,0.031354631568147995,0.04063512161010652,0.5025252609396444
102,0.13742990149820655,0.22609133372266155,0.4758520794625346,-1.145079263714586
103,0.01630034830119531,-0.17704352705875404,0.29518619476870367,0.6156315115191211
104,-0.22916774873792578,-0.061028579294363894,-0.42154361865773404,-0.1842960346877608
105,-0.4746492565845425,0.46264841467792506,0.3359801205122058,-0.3418396892389082
106,0.19597420609369798,-0.09104705558573012,-0.3267056799291542,1.0472709531609923
107,-0.34356295732891395,-0.24975710183540467,0.04922666470612047,1.1441103678108115
108,0.21459592270006234,0.16019737671773127,-0.22006610305405716,0.2284403559014716
109,0.4548652806631941,0.2378969166957685,0.054354052511400686,-0.3626685033428614
110,0.11172074623435224,-0.08039993757221009,-0.25226901049884254,0.6510351245682449
111,-0.1440273213487384,0.2578461104643691,-0.48560651137024413,0.1888472657944782
112,-0.38392735949308376,-0.45399735797824725,-0.45927119768102986,4.069806156543903
113,0.3554605840110072,0.20365785938002368,-0.025826170912674806,-0.4323092735833662
114,-0.4021658393489985,-0.008384124883167643,-0.02652822921943432,0.5259059328895491
115,-0.3267981300899848,-0.06614835076202696,-0.10149526560262656,0.44382691177131495
116,0.11585009805221647,0.1350936508676438,-0.4546959902279555,0.297977780003163
117,-0.12538738537352878,0.12585991571423638,0.003136258580087703,-0.40071380894054853
118,0.3564898411883223,0.158693631618945,-0.3370655729185703,0.7189699756785659
119,-0.42943125259957016,0.1424192782063156,-0.4734886894583782,0.0457871744147589
120,0.0857755812734633,0.4402302414249576,0.07547417787587896,-1.8774444637113272
121,-0.11183007379347809,0.14328821844235318,-0.04174710950848337,-0.6087403292631155
122,0.045616789315934936,0.44146480877652516,-0.11389736219922575,-1.193493845251163
123,0.4611905638239142,0.40535064195606374,-0.30420886521070356,-0.6632581038822016
124,-0.43063869912483455,-0.39922199862257335,-0.48177817434845027,1.680791097325609
125,-0.4055570392440716,0.18300677341635685,-0.428811351539771,-0.5088474533846338
126,-0.1810243697062387,0.34487531096945456,-0.47672806426417413,-5.139951887014007
127,0.3144684825889358,-0.21814522522660007,-0.38183517237834375,0.7289333264452582
128,0.19673716536415065,0.128942846779884,0.37747201352705295,-1.5520604579780657
129,0.23507104380388577,0.3034809303848486,-0.21796542742869351,-1.080405551719154
130,-0.3225604562202772,0.25061475164085834,0.306834739267264,-2.3147008192545235
131,0.4905051420006733,-0.08738232308857352,-0.12798191420721683,1.1023213797085711
132,0.27641296074199684,-0.15919645974698216,0.4307573256035647,-0.25139121554150345
133,0.3584127518430118,-0.07100597262498165,0.25087106779149737,1.3913000835997804
134,0.25454287408468235,-0.3968761311640674,0.40255290667956667,1.1651021511517095
135,0.005252372447857145,0.3264574661077416,-0.17995039896938825,-1.3230888760002804
136,0.3955232284962005,-0.11079832126583689,-0.48916234851970164,1.8070458179396798
137,0.40538197641926366,-0.40871332321386644,-0.18068636240958513,1.1468396391707618
138,0.4500619670508049,0.4506071469375561,0.07343788812328611,-1.312530591204495
139,0.13183721216979927,-0.05155447802168023,-0.20678922830193547,-0.8370243647995992
140,-0.17133545463008404,0.17251845607703842,0.25237452943768,0.004715886359465515
141,0.29157904372584853,0.2896181427945539,-0.40879389695130963,-1.507841105197496
142,-0.00557969529741853,-0.4424412399833557,0.049528882323735535,1.7244540626989715
143,-0.058469498626622984,0.38770418275829976,-0.1490849874479213,-1.6849175784985773
144,-0.38293298357239414,-0.35700831794716414,0.26151063171747224,0.2936627398615905
145,0.11821806331626106,-0.39887732387720976,-0.41589319388500257,1.9883895750494425
146,0.20096913145912,-0.4272369936358065,0.3218600592903562,2.6600503809847433
147,0.2062422271564962,-0.41865121935810024,-0.4151622859148081,1.931146175409465
148,0.48663957850117545,-0.12572920424387968,-0.12935785293310909,1.693247059748713
149,0.3127995672575026,0.4472485773838587,0.4860010638228709,-1.7228450656861432
150,0.2533781852589416,-0.12374041446908424,-0.41649928330133124,-1.432520529161406
151,0.2771469159274368,0.05840424973580505,-0.07577799075302372,-0.19662104751284387
152,0.406354385094736,-0.38880251769384866,-0.00737489570914085,2.113900866587399
153,-0.48864635523258093,-0.03133935800587373,-0.44369672431816265,-0.41429859852318784
154,-0.3811820837319281,-0.3824737532228951,0.14921030211606356,1.7771526767742962
155,0.2460448792654233,0.08336876509715963,0.4621725484745419,-2.4739527033897617
156,-0.12512942047629594,-0.21428791371813927,0.3685991281894603,-0.16682561130255047
157,-0.27640416148054736,0.4632225394406113,-0.48784552531018366,-3.8872193646661444
158,0.46987882670763903,-0.4568400880494239,0.3911431136980711,2.1934806740451362
159,0.027701109086299858,0.49296479611930033,-0.42620343526460114,-1.6053533704744196
160,0.053854284401320784,0.46930253561909896,0.023097844170148818,-1.751303136487154
161,0.12939863813526253,0.19574868898461717,-0.04545893523222677,-0.972822000621886
162,0.12755808008406344,0.08431431192310024,0.401158010490989,1.6429070932866159
163,-0.45455361965854213,-0.21903681040776968,0.45041148407655873,4.492817798816849
164,0.3902637838909163,-0.04434324721428706,0.12013259780153673,0.4885171137835093
165,-0.22261881701886732,-0.3118788402762387,-0.036301595060017844,1.329262196182176
166,-0.14664777197394718,0.08365611185087207,-0.42226536303501516,1.6307049879421887
167,0.4743948076661665,0.4862107444796029,0.19816171401974514,-0.41788052507018636
168,0.03609636634412039,-0.19047238371367226,0.3137950197069487,-0.325914100464358
169,0.18473117255387927,-0.3373830606551087,0.41092718449384247,1.678024980592846
170,0.322537242923169,0.44979991329192404,0.22571950838835997,-2.1741050618558058
171,0.11341519593578986,-0.08175696370938113,0.43272848335401326,-0.3988311184054842
172,0.36606388950040836,-0.4547813298938106,-0.473633025502748,3.41033403218038
173,-0.1235366331219504,0.3105533307818329,0.48727612931494446,-2.1014334721689316
174,-0.3495831088964718,0.09413071535213513,-0.11910914336897849,0.19050505289010458
175,0.4699143978146032,0.3421189231357087,0.33832870471113785,-1.2212473691506829
176,-0.03130684020502972,-0.08518049766233482,-0.22659292806929376,-0.26617687879455093
177,-0.4436245033490729,0.3647223762550532,0.31290100913007757,-1.938525278257457
178,0.4997176732861306,0.4966368370739054,0.055431705602627446,-1.2159054283846946
179,0.2689874151805105,0.444765729882428,0.34964739067741146,-0.35172505846096436
180,-0.25265189825680234,-0.04945586468990648,-0.370840584848505,0.9193016307266708
181,0.4540510272587224,0.10617463445088005,-0.2713571944965373,0.7544147927913558
182,0.17170068440585673,0.11812824045789583,-0.1418372819671595,-0.24225916893343316
183,-0.386442407800371,0.1715731955927996,0.020307700903793302,-0.15327899224129388
184,0.2723183917356393,0.020163501111993387,0.3521815003185401,0.35658076063015204
185,0.05190683877448554,0.06093797153538627,0.376653602658345,-0.7933753618411554
186,-0.09651713378760296,-0.36598477154935927,-0.471217323686661,0.8009839864193131
187,0.255137255673619,0.12030955135346466,0.20407976809922357,-0.9412964841680529
188,-0.28703583849108927,-0.36362852441323024,-0.48545533433211807,0.7042129009137953
189,-0.14941244119340302,0.08991768685463308,-0.10775595490026768,-0.41152000906032893
190,-0.06252507797627094,0.4041586944937484,-0.15174453297669965,-1.4939197966300308
191,0.013989489159810797,0.2836530127411431,-0.10345721767872984,-0.9956925309807965
192,0.12208670022787349,0.3623637087467452,0.4495206236576421,-2.607197389489283
193,-0.35292651907096206,0.4265876251614944,-0.007883706920461808,-1.2741907396575418
194,-0.24175561170104165,-0.040864243761738694,0.48003257528547705,2.154957099282261
195,-0.007381906007130401,-0.1712483897124918,0.13340085431672577,0.4783747169394931
196,-0.25985438122180693,-0.4241366718913361,-0.3711202780893508,1.4505763192926966
197,-0.37195416104222756,-0.34809730648770565,-0.36117282735058986,4.07320414644552
198,0.1408747448032146,-0.3181199156008552,-0.1543327166761368,1.612559456711904
199,0.39678840990601183,-0.026038359737127648,0.16755773852102718,0.5299814772258427
200,-0.32768012879837016,-0.3077109811913292,-0.45913138373352114,2.7901557003868347
201,-0.33106493692783545,-0.22140966096804138,-0.3229895157232532,2.152684400144911
202,-0.4112974662429444,-0.3793641288993992,-0.03922123196727423,2.1637209653314446
203,-0.2936662815942075,-0.13573013895192454,0.0034172708548568798,0.7976634019432858
204,0.1903948286293653,-0.46068786015890106,0.29941039890904264,1.7607277813145736
205,0.12790038949090776,-0.4182409680511281,0.3735786241067772,-0.7864002346919547
206,0.4208724005318132,-0.43892204014513625,-0.22312235185279627,3.7366760475067937
207,0.30620127979306133,0.24825969038365836,-0.3154789806436227,-0.2095942080051073
208,-0.2906506766632897,-0.12952789720861801,-0.015477014808978673,0.6354851225014295
209,0.11825477153029595,-0.1310863604302276,-0.037465283866852106,0.8475793187901339
210,0.24747093813375654,-0.4633167971094021,-0.24756305565597925,2.3471013510391003
211,0.21334958588455244,0.39520683768719933,0.011677442115666126,-1.4881159098887593
212,0.032113485265315656,-0.39282798866022395,-0.052587633176545356,1.3479885730909815
213,0.032617266455023164,-0.25752949636527034,-0.23075676905061904,1.2771863910775534
214,-0.12271583689537735,-0.47992880222227363,-0.17792083441682172,1.8330909562747582
215,-0.28855199300345535,-0.17250264782208535,-0.3802378681807488,0.7950006460807566
216,0.39052728073989496,0.09359245355404866,0.1791023191444896,-1.0465796181043059
217,0.2891712386073383,-0.0015578010709427215,-0.4130797119125763,-0.663790870007153
218,0.03710654181854778,0.08684111802087913,0.24543947418433,-0.24157502651435964
219,-0.06834045377032061,-0.37241969720443624,-0.21622409420127553,1.2259458523797004
220,-0.1369177036013649,0.14591724133160122,0.07077830466891188,0.3024595387913962
221,-0.14390327410215376,0.4865152487929797,0.10577481935688715,-2.511752516502342
222,-0.2627732082640055,-0.39821752737959626,-0.347140860815668,-0.0497115141214568
223,-0.25404227161549187,-0.33931862674044433,-0.31343297594869424,1.7434855902678223
224,-0.2149048313061529,-0.3266264047052452,0.39676542462642517,1.8279588855671267
225,-0.4197662543383578,0.02451138957025467,-0.08960317301033849,0.46162016763707037
226,0.4823786169086064,-0.38796109783194765,-0.10214440095425836,2.334809302175818
227,0.46947043327536886,0.36550712589398027,0.3170720709492799,-1.386338514435635
228,-0.24209717295506017,-0.3291124126099342,0.168643219924431,1.7152627555997526
229,0.4293759891275858,0.05676289301392978,0.07161268946989985,-0.05937761301615446
230,-0.22002090633971583,0.2694929331919369,-0.31295625144247663,-1.5553058154605788
231,-0.17632076359575632,-0.07456356138358322,0.007610378684455021,0.33698805274432664
232,-0.25759026758491976,-0.38516317526079646,0.1106200424416326,1.3966055804471205
233,-0.21136944675974423,0.08123822142261228,-0.3456372847257977,0.2592709865807698
234,-0.01885989814518252,0.03258943255158586,-0.4481764631775731,-1.7894053404778576
235,-0.16339572180607942,-0.36558532306102576,-0.43662502952723226,2.216452172378248
236,0.48996023238994524,-0.17764615502527703,0.30987444585463486,1.7558549116902056
237,-0.24535934523623615,0.18150272222392927,0.26022785988968655,-1.1140068671487873
238,0.09563874060784427,-0.02842381144984163,-0.08815908585273147,-0.10942691318577585
239,-0.1511317334570047,0.42952914424782584,0.33061940778772914,-0.932626469248972
240,0.4650269106665126,-0.37570277651445527,0.23086747520364426,3.4062514726132553
241,0.43834045682103784,-0.31876693383433985,-0.4335037326332225,2.068387684897764
242,0.24112064929005905,0.0744731131799119,0.34182877675827206,0.5125039430439151
243,-0.3602276233737105,0.2952673118598902,-0.29837267995225547,-1.0076761322205867
244,-0.3363440571342955,-0.33573420206900706,0.3145747202313821,2.895712904160596
245,0.16519722069620013,0.023065424769119325,-0.1411695158764975,0.41467109764662946
246,0.3772005408131083,-0.10755489257736461,0.3165994394715771,1.603895322054346
247,-0.06086509142978158,-0.12305557057509242,-0.037320214330393564,0.524171375839785
248,-0.19862212583585792,0.24760938017625111,0.0027203900924791524,-0.8857536661939325
249,-0.2677873048531827,0.39957457327456847,-0.11610877862678859,-1.4140046832518993
250,0.043552861113988595,0.40647211096454694,0.1242379959139921,-1.4988284089439803
251,-0.38310195929163593,0.4398321236134751,0.12770805307141786,-1.4225979560024493
252,-0.16509438534291387,-0.36072792733661274,0.294025189270296,1.7697895152567833
253,0.12007275592851352,0.03346109197632152,0.39389258305095765,1.8100040921731675
254,0.28859721122453075,-0.3483251202672488,-0.18827793220445177,1.12245953103664
255,-0.25151086018553426,0.24394629257267697,-0.4664675652642206,-1.9803855247771491
256,0.06988968487131653,0.26245868574069053,0.37676563676174946,-1.5490951247014144
257,-0.15791825128409254,0.32125730467201286,-0.3893682630447928,-0.1378451644765064
258,0.3464522917345182,-0.3725113376680176,-0.10271270943963273,1.5853591027060587
259,0.2972953657795536,-0.3500825726512262,-0.2707486047673585,0.9362165182347653
260,0.22225256839306629,0.22003653654607436,0.1411476328852973,-0.13704568265167172
261,0.19394844446710002,0.042724443347596175,-0.24820094109304724,0.3967687180089296
262,-0.15430400649608056,-0.31840228319857433,0.40845056133362834,1.1412114882253441
263,0.08339179476612046,-0.09914858323636011,-0.037994196355867316,0.5423742030456677
264,0.4472833396118153,-0.3466485968839198,0.08622983201679724,1.8118771292897258
265,0.005888678884465981,0.11145423543464783,-0.4818898161791595,-1.8781864105178552
266,0.3721239089441515,0.4321182824836124,0.06513318358920894,-1.401653121554387
267,0.19665082387689226,0.4224993811772957,0.20723863431339862,-1.1671193277080492
268,-0.34746095708573865,0.07628836016681317,0.1067150463828559,0.008242925947081273
269,-0.07586932869761398,0.23644423562472283,0.43436701476901485,-0.5173895382289988
270,0.42556851290677633,-0.049160628595867895,-0.38676195415924475,2.1461114579371716
271,0.4848411989623346,0.3388980864459341,-0.37533731879673315,-0.826371439159061
272,0.4208418826173723,0.3698963620621283,0.018838057126072116,-1.1587281998677539
273,0.09127543574492925,-0.10099729612986974,-0.44523836117796867,0.6734600795348084
274,-0.16480275835409908,0.30285344859801144,-0.49536797699539714,1.210959309386481
275,-0.16650082830885582,-0.10183130640905669,0.03739560293792288,0.6169967591555194
276,0.4198556164127605,-0.15365400563403875,-0.1530467981037723,0.8695866282337584
277,0.23750124810974838,-0.04778205911019284,-0.27539517706001804,-0.02416372370532982
278,-0.0475604838673066,-0.35914297962020014,-0.3236130134937767,-0.02175926349772861
279,-0.0016322272605202581,-0.08107455049545209,0.41484590106810004,-0.9196644311392891
280,-0.1376061008833669,0.08058835027804345,0.13226428791953038,0.39697609281410656
281,-0.48690554341166636,0.1635373720167106,-0.3219640331302486,-0.8620747495058151
282,0.46107031746945515,-0.35133727224688704,-0.08537587627297627,2.087809191903858
283,-0.41465033192135614,0.49687425184594736,0.002195010331242586,-1.4001320304798273
284,0.09538501732004379,-0.4329235226115725,0.2499604703991778,0.9572846077840694
285,-0.29009440690441424,0.39805428944071375,-0.29486035951799283,-0.6659761345708562
286,-0.30931227933633343,-0.4634503321519051,-0.027933054890000752,2.204148136408169
287,0.06484113326261642,-0.43429136057164763,0.2755276166950106,1.3374457458367692
288,-0.046711165251972386,0.02439026932758004,-0.059237253061771855,0.15375489086894908
289,-0.09923693912467402,0.059640331308217887,-0.3447597540692875,-1.3949998328982325
290,-0.3180718695047289,0.3617856210135173,0.44611546213363273,-1.5408249024736984
291,-0.12669068372024705,-0.22925532685644623,0.14399954323901576,1.076911683188402
292,-0.0912658289019036,-0.47461364433965514,-0.34384740263380964,2.4489055467783096
293,0.21597222884739753,0.15892394191015136,-0.4729040074965165,2.0754470409763193
294,-0.27802783806705056,-0.2689252034119286,0.17189274359872841,1.4701798693795252
295,-0.48028946224563585,-0.39589141801542616,0.29991608537318937,0.604418221133854
296,-0.3214553379456664,0.1527461078518747,-0.2618172189532735,-0.2508726544935126
297,-0.40055860724065484,-0.2568278090005459,0.22226693185565916,0.5802668968631834
298,0.35569646810628575,0.3302198645669916,-0.10281647038154518,-1.5467057381302816
299,0.16808513657064617,-0.29501570458417903,-0.20685226973898674,0.657511169751105
300,0.39633581852111976,-0.48699807648926396,-0.4144914691455319,2.392213352234735
301,-0.2921137448539727,-0.4734677961261803,-0.3185645649102027,0.861762949123122
302,0.08304156096969217,-0.07857544940750205,0.39267171107697485,-0.6527464998301151
303,0.3174435617384409,-0.15818264830212403,-0.24057656656870752,0.6439769400735038
304,-0.1203075918327331,0.09029494251480774,-0.23193635917712374,-0.4564479414404178
305,0.12414890784913402,-0.09058834780875957,0.052047180851980235,0.44031479621054603
306,-0.06387347086468331,-0.20553424045808233,0.4484533069621567,2.528277555775977
307,0.2636057941597608,-0.35988682423354745,0.3684679758979128,2.448691404407303
308,-0.012568801750486358,0.3945522268940914,0.2998552559473152,-1.249366636066879
309,-0.07478649553076655,-0.4775306916798826,-0.23132264061505392,2.9647475259013936
310,0.04163421466086692,0.13347821982614727,-0.24211231456679772,0.24527612117567954
311,-0.36064392592717587,0.3349302367992991,0.4844021807035521,-1.1990481059719331
312,0.025690182302685827,-0.3283207141516965,-0.22769267348063105,1.2381495799604465
313,-0.48160932345253327,0.414298806560499,-0.38224891710985887,0.3132426236627006
314,0.07651647551425356,-0.225944779312794,0.05417800251579341,1.342750568805386
315,0.15142038835186422,0.32974180370720163,-0.2935787282393968,-2.6656321451504823
316,-0.4890041713415195,-0.3631143699311927,0.4000186418481051,2.915517010062877
317,0.37389007756251524,0.0974131021703083,0.10051686043365338,0.15266720017743024
318,0.16503667454625548,-0.3246287213765504,0.4144119459249598,1.0482417006340186
319,-0.08122947510792689,-0.11686147175050254,0.018917705282837538,0.4427015396214783
320,-0.45303403322494495,-0.3337166312439206,0.23803361642637044,1.9728158259429391
321,-0.41720133207487353,0.1031521094663882,-0.25465089031867905,-0.06605396458851187
322,-0.11070438595802345,-0.21130626322930013,-0.14432728353505087,1.4206086169795702
323,0.2190459051842455,-0.20287828437682498,0.06640464029689719,0.9899547121376007
324,-0.023949597800900335,0.16367116536264814,0.436829739324758,-0.8320356069803388
325,0.2325720972102503,-0.28505962140924324,-0.4688168649387153,4.075962306900028
326,-0.23773595570017492,0.09507793070025483,-0.44857418651574965,0.9375377604129209
327,-0.0036337527987636564,0.09684284891688921,-0.16575610918303918,-0.1456709542122985
328,0.2709122037458219,-0.3934017468662282,-0.42486221826419124,-0.6768978904758558
329,0.22818875620360335,-0.004508683793801538,0.18840239642773604,0.4409910689120611
330,-0.06517266139625377,-0.2535979667608932,0.3191023176741997,-0.22771118341485286
331,0.29941587896897925,0.19469647085442676,-0.2278548627700373,-0.7678676723341509
332,0.0902306668690871,-0.1390261030599732,-0.40841792667336585,2.4941498606970036
333,0.4173135754622428,-0.3631813690810386,0.45023735382080243,3.4219283009159547
334,-0.05399422704204426,-0.31486707116138035,0.041900947378358144,1.2089572768448877
335,0.3729458358764083,0.23222488640956118,0.3065611478614497,-0.6602697953478267
336,0.15878336671071736,0.19227656451785247,0.3491956515653193,0.7256432534231618
337,-0.25033199114081406,-0.010575036356859524,-0.2787905581803978,1.3509622651744095
338,0.487668007996647,0.44405933968661326,-0.4605731886314941,0.8450439149197555
339,0.20557517251568846,0.4252483174156658,-0.31942465487266647,-1.0384638821800936
340,0.06794523055262947,0.41548829758804184,-0.46605402141420116,-3.0866315336120453
341,0.19742026724683992,-0.20265099262744923,0.4243961953765304,-1.028721812210696
342,0.47105824516536776,0.4442664891134339,-0.025785783342536228,-0.8955969242345091
343,0.36204265098931343,0.3445493985350704,-0.18089952675674437,-0.6351435893409436
344,0.32891547415067734,-0.4629923652845074,0.09626987848205304,2.3235224027910695
345,-0.26999116271229695,-0.3794331142227212,-0.42304679837079084,0.1952004618162324
346,0.19628877587813975,-0.16012503623193386,0.22476677152876146,0.41140105309479663
347,-0.43464365920105763,-0.18470966216938967,0.03949129237533722,1.2940502734057775
348,0.29072316483896354,-0.18124749706793009,0.1258913764370091,1.405287110454159
349,0.38597774823618713,0.11586318818230457,-0.26704052524636623,1.4489054784402389
350,-0.475599218443462,0.3700988739009299,-0.47873058914961286,-0.17775610543729436
351,0.3747016726841994,0.028937134027211986,0.4390676985128962,0.6272625819276492
352,0.2987832357736654,0.49793411053333747,-0.14928818454828985,-1.9551324965793808
353,0.2671882889311269,-0.09806908639075784,-0.020124379696091155,0.5438967236169765
354,0.12750546321837009,0.37367711418633875,0.4840834691992951,-1.345542869514024
355,0.2682734138645182,-0.08223321783266624,-0.07864299772292982,1.0976818209673191
356,0.2375823015888915,-0.26122285423169767,-0.38952588686860534,2.022973136752335
357,-0.14537784235922346,-0.21276100834591827,-0.2036918795440099,0.5388148674957403
358,-0.26639224895009006,-0.4579068103636381,-0.4821260652665862,3.509920272281728
359,0.48772238973603155,-0.07222686626413766,-0.11567335284031832,0.9214995489141529
360,0.17964728269306984,-0.28174611213493583,0.44996118395022533,1.863567931638021
361,0.28634501441555205,-0.4105889976877405,-0.08241922421507164,1.9737479641552809
362,0.3791183075621647,0.4447320222914103,-0.03259848875013027,-1.4121035707124827
363,0.1134113892107077,-0.3329660539079248,0.49116862613697654,-0.06849326469104233
364,-0.2683282986165566,0.44273177413512566,0.14964664899236846,-1.6133670031289147
365,0.10773679487885912,0.012688511016508586,-0.2693301882822413,-0.5036865780429647
366,-0.32347196799449174,-0.27951379092982465,-0.3135617378557455,1.3135160116647382
367,0.2795844735667533,-0.1498747408332699,-0.44215732343660363,1.710840714924438
368,0.4691026301408113,0.3837858849634257,0.42775228319521297,-0.665456551028552
369,0.4949078226464353,-0.3261047507805127,-0.10375798109734125,1.8976414831738406
370,0.2582384757040913,0.19602061805379223,-0.34610409366014494,1.5496758604986396
371,0.3158331249906178,-0.27555942816333934,-0.2761823851773769,0.3962026791909453
372,0.03697442289341357,0.09293993484170315,0.08008620783781117,-0.5149621974742428
373,-0.40851316260224513,0.37746086263038037,-0.23439995741129394,-1.3178549246938407
374,-0.3704850787171958,0.3887480798689772,0.45565149822975337,0.539449830306308
375,0.3621276172654506,0.3095160747248781,0.15524198063902173,-1.489856546004853
376,0.05085737060913931,-0.41301324008858986,-0.0915467869293013,1.9302112561669864
377,-0.12731148298768602,-0.2402462162396738,0.22342011368858494,0.7436479742459602
378,-0.004124264921229193,-0.41895378409235207,-0.27981679805018866,2.333183919885322
379,0.18325876365959592,-0.4238691405096998,0.3512069140487687,3.5615733758022237
380,-0.004853472986025675,-0.019413422673352,0.0924077846595176,-0.1416112800211562
381,0.32468096592514917,-0.15219079209780695,0.17801615255906356,0.672671826045865
382,0.06573196399579107,-0.23297172983057868,0.378629986355158,1.1559743516514311
383,0.2974260216069281,0.1584518346584255,0.3505817290942419,-1.76298629492302
384,0.36729420095980236,0.2083629767150348,0.33701332836367204,-0.818838430259071
385,0.19747146166928364,0.1801407717603004,0.1186113782151843,-0.46878051842575136
386,0.25271663955764123,-0.3413948947069263,0.38087075919892843,1.1970610315304222
387,0.371843527745232,-0.47075271696544085,0.32581675056476267,2.2683217960942352
388,-0.3711301325265548,-0.1648811457408581,0.24350825629160777,0.6324944056841462
389,-0.3392401039516918,0.3179670241190622,0.3321341779577419,-2.401627800359746
390,0.007467733760836204,-0.4936141282831664,-0.21296186682508722,1.8287879179638957
391,0.1169269183757422,0.4811861780274235,0.13181352701666837,-1.278686625031422
392,-0.2401964189358402,0.13400570309961135,0.039985379715855474,-0.34474987351089137
393,0.2798453951511436,-0.3930193611730416,0.261027902502028,1.958209448805978
394,0.04126657867611028,0.46299200385899464,-0.1581278339613139,-2.179551603951194
395,0.13262189313394812,0.43202810551001747,-0.39749027200932074,-0.14432332522163516
396,0.43722848723645114,0.18788572230081335,-0.4321629408948281,-2.409689291977234
397,-0.19903643305318375,0.20817208864528158,-0.4326493985312283,-1.0102395497252212
398,0.08217046017627327,-0.15411694304704326,0.12091551776747711,1.2303818122666836
399,-0.45425796618748715,0.3715368061523763,0.4734889691773969,-1.962707734289288
400,0.4688778552856915,0.2496518317429247,-0.36991375986936803,-2.4109376182301188
401,0.2582631959290226,-0.4754130835411985,-0.47787644847100275,1.0244349699206539
402,-0.17638978085045875,-0.01135680959533425,0.2704074178077932,0.5299660256674323
403,0.1832953766065052,-0.05409729362325166,-0.22637333371833412,0.19156569708382032
404,0.49712450015771115,-0.07381869776402705,-0.04861297567032452,1.0960478086614658
405,-0.3363761788083308,0.2948095487499294,0.19368222578148864,-0.22851679922708013
406,-0.2792303872112396,-0.4176189543841573,0.1804993020747131,1.946510987986873
407,0.15451121428113523,-0.22674047300179068,0.45086356225041035,-1.6223516530870632
408,-0.34894210821909977,-0.06766519895739809,0.4436159201675989,-0.8999207966890295
409,-0.0802726830738777,0.13852594766408555,-0.10240560203720572,-0.5008979544101071
410,-0.22578479765132997,0.4839776479598282,-0.09066599368495698,-1.844190320175456
411,0.3940992036791344,-0.2700453941089138,-0.2868952959749167,1.6339985627364955
412,-0.46886591711548864,0.15166682537588505,-0.13147365627623886,-0.4405261409924427
413,0.36435824983963705,-0.02679009330844284,0.46819342791472174,-2.264923543627342
414,-0.31447448429687885,0.3686231679556108,0.27659685279174173,-0.9875436609075906
415,0.270921844644052,0.34478322811688766,0.2610239909429989,-2.4956005701477144
416,0.1262203216314154,-0.3687551223176124,-0.4674738205087481,0.5063212728153879
417,0.42084784781568685,0.11665031452073804,0.2965372909761763,-0.015028211790585458
418,-0.018477648487449927,-0.3826918110376055,-0.37481420779744956,1.0195508908048636
419,0.18556528722897137,-0.0696941051005373,-0.2994752732996633,1.1166923847120602
420,-0.008405453258563123,-0.4357910629248659,0.08197140191439878,2.084140514341086
421,-0.23100659556490233,0.29755910063718816,-0.18963804107642623,-1.6018762238202156
422,-0.044779850918198805,-0.48837946009189936,-0.4275531122054411,1.2811249265722244
423,-0.10750644359331518,-0.020061165282876492,0.10002054811930372,0.10857691393400737
424,-0.20833742129069677,0.19498188612654255,0.3601223971892046,-0.09840932943966685
425,0.2798509888933498,-0.46038117465164285,-0.019493052742171058,2.1704102897789532
426,-0.39506982158182513,-0.25795498413747253,0.48666259326714645,2.6992582040684616
427,-0.35750445709848677,-0.0011118465486439355,0.1181557343181191,0.9533640120704614
428,0.20246497054410395,0.0596486834869141,-0.49022915258081634,-1.6776420534308063
429,-0.1735386917560081,0.01771164338471143,-0.41213350085516665,1.0213646939024241
430,-0.14937306879081924,-0.46679689120863344,-0.42142150284497926,1.6326933466764673
431,-0.10307672379840394,-0.36728424595693965,0.06754084826155815,1.2693279393884453
432,0.18946496913726574,0.30058669910908287,-0.2998497557551899,-1.6187089887897863
433,-0.33251741774093024,-0.39543215966559975,0.1364302495436367,2.124585228575867
434,0.20647572648690116,-0.46841385517435796,0.4362122462436898,-0.40097548771543323
435,-0.4480287163485276,0.041296335301070464,0.20906051945091642,-0.3076789321574168
436,0.3709691237460856,0.2140869321324278,0.3017280830697918,-0.6100257580862571
437,-0.16054980745719394,0.31482511374651223,-0.41988515361532486,-0.7914885715681717
438,0.3948166560605276,0.04759237615373624,0.3172977699624937,-0.8491347777402982
439,-0.04768171548169986,0.14357769519652497,0.02640266093611321,-0.5033837097022058
440,0.23158952175533187,-0.4183700179694104,-0.4396479160094362,1.5237809778627502
441,-0.25289676598985356,-0.34045531988681166,0.3717835665922017,1.3789604150178725
442,-0.2807860126419557,0.4758652558191313,-0.16310420822889315,-1.3279830052593944
443,-0.3178820843113007,0.28969850714247913,0.1587077755008761,-0.3842481321324608
444,-0.0018042835468610186,0.055363550937631234,0.21920177827226384,0.8121523997787694
445,-0.2715452586687013,0.49633391605674193,0.47479316214678313,-2.430925178203265
446,0.15032568634693688,-0.30045754907085487,0.18022824243129132,0.9775811547258724
447,-0.42780159102082416,-0.46934749779419394,-0.24231711148878632,2.09223717045286
448,-0.037377043260683696,0.3682725054083805,0.22716906976630802,-1.6291738733158054
449,0.24270652119998104,-0.07450666555192464,-0.15406500745303708,0.5388949198425779
450,-0.1289612370153973,0.48764956373605783,-0.4598908085875175,-2.887747228269876
451,0.36703149612244856,0.07867540857239341,-0.06138458081040954,0.3864647484894259
452,0.2252576604151365,-0.01333105857529715,0.37342323808166056,1.6630464586557663
453,0.4007018640112585,-0.07827907312654458,-0.22317220276494842,0.780918313712687
454,0.09235032859336223,0.41236334561669097,-0.2893378109943334,-1.2242309502953126
455,0.12296658356348278,0.13156022009252055,0.23311302241528098,-0.5579818159131662
456,-0.3684323148727402,0.21582496468208856,0.409032520665641,-0.505755556250773
457,-0.32031689112975803,-0.26245667507612236,0.4713950940416396,-1.1664976585277402
458,-0.31902304729051023,0.35438509336957913,-0.00772214355196521,-1.1646971021922206
459,-0.25276892559682296,0.3707499012725114,-0.05469474499733451,-1.253584942428625
460,0.014817353929690191,-0.1407666306002343,0.09295085143492743,0.7160177107764096
461,-0.33647612741497723,-0.10891846334823929,0.4694123223352875,2.140363255290872
462,-0.24186656729887246,0.1567366645412922,-0.17480993577530513,0.08656836619150565
463,0.27347312568660065,-0.3691263392816502,0.4698210450785447,2.36856235373657
464,-0.04621045861636075,-0.26394953665353604,-0.42650325266998734,1.3716376965465127
465,-0.33024209491245926,0.019773948556017662,-0.1629968235687137,-0.1310376894107519
466,0.32888336588260947,-0.06911247633819406,-0.2512857274123701,2.225617026718764
467,0.11714498660403005,0.2067772168854458,-0.33295809209905014,-0.6623563340440981
468,-0.33238078371168234,-0.46332857306645703,0.23640201506564051,1.7309194530232674
469,0.16380452762180508,-0.025369124250186115,0.34417044896919713,0.5206215221929119
470,0.3056701529500532,0.08535436439675215,0.36827128051325864,0.5130542295539084
471,-0.29415878996323175,-0.3880803806022721,-0.23025038848301038,2.276761242296794
472,-0.44291314391068515,0.03116952800103201,0.4366056922949615,-0.5121182300686202
473,-0.46065645933149035,-0.3778900859899732,-0.04780097171656472,2.198717146584304
474,0.4338750175279049,-0.1838438950232495,0.007234808688392436,1.261056435671882
475,-0.4584271409496079,-0.35165679903791114,0.4866301229588469,3.3192942337733093
476,0.46511869643604553,-0.4950600190655904,0.45181178542323897,2.1596600857884667
477,0.13911993781550036,0.3679182945200221,-0.0452601443661409,-0.9847195211951933
478,0.015596028579250243,-0.011153419743079818,0.16686425754610434,-0.21058761083567776
479,-0.3603487452436871,-0.47002641012732205,-0.19207005840880909,2.9286760113635357
480,0.2046807627366467,-0.29814654787705164,0.1734324333249173,0.482582959674824
481,0.46991204610727044,-0.4060992842105816,0.17260211822512628,1.627637896393942
482,-0.05624978069542885,0.36814225437750536,-0.3228502105526141,-1.5618751251605998
483,0.19262595222616452,0.3381152896481102,0.44461421947402324,0.44223916661447404
484,0.18324802828964581,-0.0028252359915726943,0.11784724020121384,0.24319688191302408
485,0.3689049844787182,0.07060974663882968,-0.46961294030316314,0.9288306190867808
486,0.4309486955069778,0.18952675103156114,0.1765133857772465,-0.027170604702029783
487,-0.2843248476022828,0.1588854702326572,-0.10613559434584152,-0.3229605145488109
488,0.15123297704149208,-0.3934069696920093,0.15784530460303603,1.3689583170082174
489,0.49941372577066656,-0.45178796113944397,0.4771741842213173,0.8714346898086995
490,-0.09309203927712939,0.37075345033725915,0.28238548405827346,-2.8644021092683234
491,0.0670162609866678,0.2384492092513265,0.3785155613013479,-1.409889944407173
492,-0.09585967834896703,-0.1729668384367613,0.16759338556358472,0.7135328480944646
493,0.3078459419412586,0.26228513477661575,0.2978136488586345,-0.9069869323945344
494,-0.064416685187067,0.3178342161750216,-0.37979094462939156,-0.7231563382091303
495,0.044489097960849544,-0.49424133950187843,-0.1754141700997297,2.472800069709434
496,-0.13353846512860212,-0.10382730839074461,0.19546720668986217,0.7980689859503789
497,-0.11144189872965427,-0.05130637737746935,-0.26245586912567254,1.2875513195881685
498,-0.12674820837065992,-0.2727303727368485,-0.42680407623155636,0.17057032203768907
499,0.1034485933813779,0.16821279855501625,0.1194903460096145,-0.9441421941120212
500,-0.03650595619942765,-0.12021421982077019,0.36333364957182523,-0.26287522726993173
501,0.019081785136218055,-0.020818122370269032,-0.4743579341935643,2.1537199795420743
502,-0.15875217237384365,-0.11980438121414294,-0.10117721910309951,0.6407133218753511
503,0.08017236922733229,0.03360254672687846,0.10790509279344462,0.17992292540290022
504,0.26488326154212827,0.3129857387160935,0.2181230762264944,-0.6910283482790948
505,0.4555236959549347,-0.48176741732363837,-0.3042220143164539,1.6084145983945701
506,-0.4924371250218579,0.147474714154603,0.3980305489499869,0.7132126165008993
507,-0.2565177034237007,0.42703454479630665,-0.43973260971043915,-0.037585946723426966
508,0.4344360268055143,-0.1483773127603656,-0.3985791715507835,1.5528177025938366
509,-0.014128240813674364,-0.24322343227949206,-0.21512709803807717,1.4786583240706395
510,-0.19271003507371343,0.3030258978326634,0.039161276675254486,-0.9822958493486525
511,-0.18869230084399635,0.11033378331091837,0.21615067422319356,-1.1221008342436893
512,-0.22737599926646623,-0.08645089847464849,-0.37811390666305245,-0.5590671023195288
513,-0.3188506504653197,0.1811178539649828,-0.31856165230437306,-1.2283468642775217
514,0.02516338366706017,0.20904626172243268,-0.39312307690525616,-2.9403207623207472
515,0.06731221962890355,-0.24343721629863624,0.4629268752375798,0.3260674743586359
516,-0.016454353280075273,0.3059925497751581,0.050226542156261766,-1.162301067953679
517,-0.45658746714518084,0.13315137559402235,0.451403342206657,3.1078201746283334
518,0.10161182014633119,0.3191888594267902,0.3842064633484078,-1.990187521380981
519,-0.2719202280510675,-0.28795516009177335,0.11098098885099172,0.858389719355972
520,-0.08897153019329529,0.33986130286672034,0.40002312339801116,-3.664322130247152
521,-0.1465786206972819,-0.26312944102551794,0.2805255152438618,1.6706823769328283
522,-0.2251939644518639,0.3226143185136784,-0.07626174635123717,-0.7576812072574168
523,0.16754989929147046,-0.4044646861653318,0.12385932467657301,1.574095458005683
524,-0.04823232126277088,0.0866084631754741,-0.3319857922551366,-0.7715328599951428
525,0.23687374494418212,0.36279707754322854,-0.28326019990922435,-1.4763062534503508
526,-0.4042854444798383,-0.4763614139536636,0.141971500443266,2.585829998448731
527,0.10709403608878076,0.04669741271407002,-0.2680529038840246,-0.35847258144242816
528,-0.10909400409448533,0.09447633518617304,-0.00323314114083062,-0.36818785209676813
529,0.4877855202148873,-0.36356024744326687,0.1951445540475938,1.694199669187446
530,-0.09568123189570787,-0.07180038507438524,0.21759776565817623,-0.060248601171773164
531,0.19243615132436964,0.4912559937021883,-0.37160571054587477,-1.0575340331359881
532,-0.39589035061583366,0.22433881712874115,0.0783869170064091,-0.19045260852119836
533,-0.22583933344019413,-0.4205806310110134,-0.41434175040356946,0.7566843838252255
534,0.3941908746641183,-0.3081326752812571,-0.17662843788447924,1.4021792038373249
535,-0.273343597773012,-0.1450036941680627,-0.43057615725390663,-0.6836486394809241
536,0.01905979090827037,-0.4323874364077851,0.30035650782236156,0.7460394454485826
537,-0.266287918089567,0.04001191460451059,0.38007908756145825,1.8975839244676218
538,0.15087736904719418,0.0329577865513353,-0.1756662468846244,-0.9121591811419463
539,-0.16699808694180207,0.16948695519819013,0.49413936122116753,0.547099687133838
540,0.16183918984937862,0.0577834173700249,0.2306505102392461,1.093935348529823
541,-0.03479438771628185,-0.4398576573992148,0.062296815877909806,1.4810293387651643
542,0.4576252845053802,-0.32469705764234036,0.19000489082066574,1.6451372618302165
543,-0.2990663113409435,0.03582768447308127,-0.4033235503532804,1.0342416409392128
544,-0.04962906374181486,0.25616332889524607,-0.15242847576101792,-1.4135097709331363
545,0.16491172448721803,0.2954499607897292,0.42717781947945266,-2.393636821077153
546,-0.26535791814454646,-0.10068408419069186,-0.34758398666958257,-0.11741924111860247
547,0.4924835021583752,0.4270009679242953,0.03995713028055958,-0.8275653354263701
548,0.34203329437642127,0.020957977272042183,0.12358568800275971,0.5227059529322857
549,-0.4108755678839834,0.2552704204968079,-0.3722865163647652,-0.9080909006046892
550,0.3260676302525284,0.2820280876703859,0.20874469774297644,-1.4020792802491668
551,-0.4638396194752379,-0.1968716440546714,-0.23688743008915714,2.0633560731910654
552,-0.1398635925284809,-0.41235725323616146,0.4369578230310628,3.343097205070273
553,0.05380224071237627,-0.19447568934197645,-0.10301848292571658,0.6019424125224613
554,-0.052797459495164345,0.1005943333606173,0.015679427696497772,-0.41255389100253254
555,0.41939197321441735,-0.003036517094169744,0.4921580148233127,-0.048987350998152435
556,0.35142495774509575,-0.2914894856426642,0.43059521464391626,-1.1314362994347082
557,-0.3836336021145239,0.3174497084911916,-0.11937670652341992,-0.4459477147488237
558,0.3779743204450695,0.36805669010745035,0.30592540011762115,0.7019042344998272
559,0.2900304363070614,-0.19532086090195921,-0.4190807169487478,2.654744517813473
560,-0.09701982123483854,-0.32647548501349133,0.1949510889024617,1.426482023165898
561,-0.15390027346221447,0.4756102008599149,0.14097207734533201,-1.4118941415769235
562,0.32248056363436095,-0.3674753272581516,0.36201448227262256,0.4602842695234026
563,0.42275719051339433,-0.012938081181064098,0.10625293775097744,0.6249631309912845
564,0.26480980090299544,-0.32516137273958745,0.002566076463442424,1.4379096168407772
565,-0.1013369722276869,-0.3536260078377509,-0.13246557770846856,1.5278235826898754
566,-0.43182769061450643,-0.474188093050513,-0.36483371084517724,-0.6142198537147072
567,0.46311511158917384,0.04952953589501696,0.46582216115321995,-1.9511159971964962
568,-0.06750212166986802,-0.18818386691474043,0.0061418628402440945,0.8203981634578226
569,-0.060488311367089875,-0.3943353157382561,0.14082631469020623,1.4901639363127566
570,-0.2839618174904004,0.11958795489782958,0.15020109239815338,0.12455523405444996
571,-0.3479751468713519,-0.43865037288933184,0.2807615860684398,2.5042790940916966
572,-0.04019957623067982,-0.4418362044945242,0.49486631716976714,0.6720295242276118
573,-0.44221943900363336,0.19503522885855318,0.4836789252634136,0.09962708496632988
574,-0.2608198957840744,-0.3577506313128038,-0.3786150605775711,3.7108449384508075
575,-0.19672485243240445,-0.3989541889893533,0.1921613416941319,2.013871710127297
576,-0.4377082018699373,0.00942212814978971,0.4966968538529768,0.9397689029633319
577,0.3139702695060188,0.11521943823101088,-0.19374637921338833,-0.5397189626927043
578,0.12389583629163847,0.02704146391165163,-0.07391661610962852,-0.33254089845302065
579,-0.3692896232598005,0.38660421524046673,-0.05021535117867748,-1.1585702582632795
580,-0.30537748817923493,-0.13224064912271039,-0.08587024747107297,0.8449417097398375
581,0.3275378955668743,0.23361438056140205,0.2693048936413398,-1.3534450093029449
582,-0.4889687355713528,-0.08384600182023849,-0.018655848364676375,1.1044867531128977
583,-0.4808077231769433,-0.24018679125496578,0.260289823122135,2.605944453671413
584,-0.36289029427100095,0.03531013145259165,-0.2847981279827625,-0.9497692193373951
585,-0.4878792253561067,-0.2587985424004585,0.4758737549100538,1.4131388263665978
586,0.3015371118829896,0.4595766443210334,-0.012145956073637554,-1.5300748088801586
587,-0.3902638013224965,0.047959488973692954,-0.04562266544003912,0.4130047525550882
588,0.34435708273961596,-0.4019174192157554,-0.011758862978221818,1.8601610958946582
589,-0.34995133530601574,-0.17532407310994003,0.23735707738779965,1.585976084455074
590,-0.02398187063123347,-0.12411171485423067,-0.10552372142996469,-0.07199667236399299
591,-0.04055323159401336,0.2850165438370569,0.3920846889402344,-2.206427878294146
592,0.4553346865039283,0.2869033862552951,-0.18459310425198727,-0.31439466851327513
593,0.18813470608654215,-0.06239687594460808,-0.24532937795394882,0.2195965037122651
594,0.3408715794259226,-0.461573651037675,0.4017619921354235,2.9636139878669447
595,-0.03852253537526584,0.13720147680828043,0.1593539222057827,-0.5938074994578163
596,0.3951177407065364,0.13666968216720732,0.11393358476006177,-0.258509776049076
597,-0.43334795943931004,0.01840802194520408,-0.34983099918295835,-0.474591057154069
598,0.23743376872148558,0.01222192081267448,0.1802277792083533,0.4410903448800798
599,-0.45832709939761573,-0.4152079839541968,0.21632338806268225,1.7115795022396312
600,-0.42791566400132663,-0.4287432722347414,-0.48789152476511255,0.3164594957985949
601,0.4565013982994801,0.23750835945900695,-0.14674859149793584,-0.8515712136220372
602,-0.20346441871234477,-0.15029677025415045,0.27465353118118185,0.9086984448116211
603,0.1613706110704144,-0.31480443213253206,-0.32589066466591565,1.192588260068545
604,-0.4016043502866027,0.16030271970133814,0.26437266222173594,0.3167263987772617
605,-0.23495357167499598,-0.4790550389690872,-0.41782833252357265,3.1316685282937624
606,0.46786003484503047,-0.20455522252257974,0.2692231478381336,1.5851243300806317
607,0.12466356885426377,-0.1180603603471041,-0.2943127378044449,2.518911906702758
608,-0.37861358184059357,0.11501296803886663,0.274633780637788,0.6537730139752699
609,0.14390425354113068,0.030302133249158314,-0.45804877656836374,2.0591590932474846
610,0.4684887775943838,0.2987141916545746,-0.20717796329903526,-1.4278585421855834
611,0.47997032935885064,0.1018815896363221,0.08242265820724648,0.18260353314274402
612,0.2480731794295321,0.31176978809013756,0.15647860733150265,-1.1640928698522903
613,-0.3719042536338,-0.1617324940055016,0.42808364032604973,0.25696987164363105
614,-0.2753843881561481,-0.12783297616248668,-0.067923117055804,0.7015514250105656
615,-0.060595010305547814,0.11293958249452551,0.4430758377447076,1.444115940894754
616,-0.25930728816749504,-0.37849862369908194,-0.3025295101400627,3.9391355177347553
617,0.3869249002092695,0.145810812655206,-0.21409321076083987,-0.9789356151491801
618,0.31594693896861725,0.36136999636343603,0.34651433869027803,-0.7224410315021537
619,0.41892653363955445,-0.24775897982663841,0.2550419287462783,0.5311855090303029
620,-0.03946050272585999,0.34199855289006154,0.2284906771616132,-2.0597591289409998
621,0.27644744649972464,0.1561618376810715,-0.32257123053029313,-2.031594410129082
622,0.04502691889693833,0.4846697395245082,0.4373880664971189,-3.187244974480395
623,-0.45682626420298833,-0.3351851842705629,-0.3682712265454381,3.2805674604037565
624,0.2259799099852955,0.3177853298569451,-0.2864886336893281,-2.078421063499673
625,0.005852692951828997,0.3407030280112,0.2328015447662506,-1.0977318023862037
626,0.042237205491848284,0.09034769045877289,0.008360546916279965,-0.3311542965850011
627,-0.20245154868117943,0.06502199285901611,0.1888853020500907,-0.030941680172321906
628,0.3733229158608077,0.13629135397924808,0.261121537043158,-0.9612056062568128
629,-0.339928365045427,-0.03844252558021011,-0.4906683801729067,-1.174248301190759
630,-0.253321135478377,0.22646171511300484,0.49180995134936345,0.8113758138828439
631,-0.4008219004127841,-0.09850568413871175,0.3000709686991595,1.5023708916752048
632,-0.29596436537110116,0.055084949302286246,0.2330712960296748,0.3575573353411796
633,0.11598545026017903,-0.31197526538458387,-0.14461543131426058,0.45662027633435653
634,0.2837917844853972,0.05422651413201662,-0.49477038645708726,-0.04095003578298023
635,0.26099076002809385,-0.46468864505976093,0.24573378273123214,1.2159172151296342
636,-0.2975194398347626,0.4580734801193802,-0.13205924869791552,-1.7174487910836902
637,-0.1730683836619209,-0.3511119496675553,-0.19439578450978512,0.3051937285488697
638,0.37665076182820056,0.4963343376272473,-0.13169046949315166,-1.1715852887885503
639,-0.051389369045457434,0.22207093820273704,0.3861957804650745,-1.3054200499357693
640,0.09304433418678415,-0.10847430182217066,-0.08737815915137626,0.36709806328386996
641,0.19561814649680687,-0.4967817363957213,0.11958933745984068,2.0868816380786828
642,-0.1445069895586426,0.29419733127708425,-0.40700936017686784,-0.025687278405357006
643,0.0882022669483905,-0.019027110113876256,0.1423255259052274,0.5669644067479891
644,-0.43514640551703165,0.07998378742813128,0.06148458795952372,0.6334919548052793
645,0.06066009441617093,0.10348766659645481,0.17646793722636223,-0.2903184122792202
646,0.30498899968076976,-0.23017927987178566,0.32504941018006206,0.4674343463725896
647,-0.0017443177365463747,-0.42294172086566884,-0.4414490707560208,3.7615116479373327
648,-0.1657616813039392,0.28489697711146755,0.20768093474091576,-0.9121035090262046
649,0.28861496467240644,0.017269056441609365,-0.059801002044509444,0.028870729037358822
650,-0.35254747329371605,-0.17180724639068845,-0.06598063382612473,0.9901769354380746
651,-0.41139957032038277,-0.27938804728878874,0.09822529406373881,1.645597379113723
652,0.23566311423918984,0.49834751139294964,0.4331133313435577,-2.562100430190637
653,0.14256519953519153,-0.078751946705928,0.13617736470823272,0.03262557741955713
654,0.285651618080232,-0.3816638090766127,-0.09009511030371176,1.4892803168114892
655,0.3398022856356172,-0.11616704806695599,0.07187227122718653,1.0317711015137578
656,0.08776936086219822,-0.31552374686636064,-0.13776455834771162,1.8777266572498958
657,-0.16548871125806786,-0.4738032914679352,-0.47580823610864476,-0.2642271008643422
658,0.33169704367577346,-0.2269291900271876,0.018078766238815436,1.2229867191051116
659,-0.20127442641122695,0.4406792451153405,-0.24070324113422625,-2.67271203904221
660,-0.07034318726106492,0.37273025048460184,0.34193356679180864,-2.867586590057491
661,-0.3138985821537227,0.3026433097957104,-0.04181311326210735,-0.6948573632617305
662,-0.017031127914644784,-0.3665200275840562,-0.41939848624287535,1.7003055195266314
663,0.2279393069737652,-0.0035388476447002493,-0.06314929738482045,0.012487054864139438
664,0.22950822865239673,0.26551289899110975,-0.34109183233064644,-2.739454823214402
665,0.11022514947764128,-0.36464591772231447,0.2513750860290457,1.9920253719946257
666,0.15695515626713952,0.45661462108345796,-0.4310419836435788,-1.5016615097804262
667,-0.4429452788487457,-0.21781292530679985,-0.23829431626409403,2.182736254594951
668,-0.2530212009280002,0.4062545805210367,-0.2504538001504939,-2.3725582300241803
669,-0.228050273871369,0.2593982624179637,-0.050260157549460005,-0.61477770305501
670,0.2767105569551812,-0.43463384243561476,-0.012428806326615693,1.9291697971730868
671,-0.46638639981671737,-0.4373467965446455,0.40643745334441095,1.98630141467393
672,-0.36075462888240484,0.032420682275217105,-0.08890439739929346,-0.1917189445697982
673,-0.15265667374115732,0.39983334568727247,-0.4781766032245105,-2.452299212174619
674,0.1637896861755891,0.4633944342135504,0.06016818346184194,-1.6934027235448674
675,0.43682246203309183,-0.44774212071397623,-0.0812066809258386,2.41064627357673
676,-0.23984220903794884,0.2308209649807298,0.48129709049724667,-1.3369411319540434
677,-0.2434699375557522,0.15417460147407447,-0.3019023672402599,-0.7332467857173102
678,0.0653302545716099,-0.0360675133116638,0.4720053296315371,0.285809720893748
679,0.10852727269646656,-0.15049362791318122,-0.38590421511206663,1.2813573578817405
680,-0.34875317126506544,-0.2746830700487649,-0.249033338659702,1.6140932871984466
681,0.3506160578411378,0.06122278828252492,0.02339091137436644,-0.0023697150180984955
682,-0.38523112813078253,0.36013969334943496,0.22281430320848372,-2.418118143714673
683,-0.4323316380999984,0.20783509722976867,0.04353821734264607,-0.19437392548681406
684,-0.41827465425322174,-0.04169935847134354,-0.015303712869953023,0.7828521169812165
685,-0.33422545983672425,0.4456981470002823,0.34997537148066193,-2.7092812203643923
686,0.16902233732910832,-0.0377044389993928,-0.08823445841549149,0.6874535094995876
687,0.15097346715095417,0.04543186940690547,-0.4377268941181144,2.1960852288406327
688,0.012502648770331692,0.3064036172328395,-0.04076012240304194,-1.0466317140555559
689,-0.4480434224457316,0.2862781993840331,-0.2986362178640256,0.047566623055666946
690,-0.24137916511196122,-0.3352936465677041,-0.16978493512850246,0.5006593205009385
691,0.25675150568863503,0.01938585950393734,-0.29511872584928744,0.5360206189655692
692,0.37783007815204084,0.3795818549515292,0.3705784250460069,-0.8598928405480998
693,-0.2612037886184607,-0.0487606558190119,0.4849896561408751,1.025335426472369
694,0.27201247630999037,-0.4728325787744402,-0.43479540873950795,1.9306120247680503
695,-0.03606862318766724,0.40922020586156016,0.03870179795271422,-1.6400576904716067
696,-0.0021874919657097758,-0.3945263000433694,0.15678010472429404,0.9434951405049452
697,0.3221031606002255,-0.11957999249243767,0.2756118509253275,1.9742659571947183
698,0.4644766539008116,-0.2962335408723109,0.023329631194741296,1.956123312271178
699,-0.21286204191542446,0.29285441903383935,0.0775933658811575,-1.2961367300371636
700,0.13458241755030376,0.29791415961589407,-0.10402952733754511,-0.8733300775411041
701,0.4150900684070432,0.03302886724613996,-0.342045177164652,0.7451160220160884
702,0.19589911816880246,0.2932613504382544,-0.18323832293247333,-0.47785220574879583
703,0.35717925699875297,0.4061432547657664,-0.22309551262219107,-1.5664460675002359
704,0.48352147271522206,-0.3592884719512416,-0.29798433159751003,2.877505072110358
705,-0.31577516076197387,0.3939897100078704,0.15429255232496186,-0.25605563005280807
706,-0.3478957167777271,-0.059676581631651016,0.11529802506980202,1.0330622805992025
707,-0.4165359150106167,0.3824163684073387,0.3036035354415352,-0.8182003190700441
708,0.005206773576638235,0.46712661525917043,-0.0822390207249003,-2.0606217192225333
709,0.4841103190364978,0.16791999880362707,0.13467127325394146,0.5330309241897139
710,-0.334045104704215,0.381927758304644,-0.07251031207938485,-1.1015604765963716
711,-0.33776659421752064,-0.48739248002424096,0.05975568363838257,2.0795455185398093
712,0.027399622122676326,0.21935362236915856,0.39025805301780214,-0.7938234246348744
713,-0.4205934153569705,0.23149649034036235,-0.3125880559024178,-1.2433029096127264
714,0.35817705315716397,0.3190635138616561,0.040793754985544384,-0.8775394924597637
715,0.21024279862331152,-0.1856498868162516,-0.028832101067185367,1.0734819229894803
716,0.32163689771047166,-0.0407348028267861,-0.1422017346745582,0.7929140961660963
717,-0.005787552749700109,0.32824925243721836,-0.16479195262912727,-1.2784672936141037
718,-0.3262384068642562,0.21201402033078076,0.3259782127080818,-0.5998564656275525
719,-0.39936252147646667,-0.2601258872440553,-0.3580280102390061,-0.5572796882391093
720,-0.15205858841783337,-0.04964902109458735,0.24882633696330647,-0.8789938477333674
721,0.15114758488167412,0.12092856747843117,-0.1476250533903456,-0.6694254238641169
722,0.34144755308475994,-0.028712832601835436,0.4791049380151545,2.615499139933563
723,0.13414213829573685,-0.37373525843549726,0.176177562075434,2.80946275693935
724,-0.17489598456830102,0.18632719668609743,-0.43035885183759426,-0.15603006068275993
725,-0.3251185628240406,0.35573725890578634,-0.2728204429764851,-1.6018864341953798
726,0.33704112524294005,-0.22072391154558957,0.14288191005870765,1.4988967231325696
727,0.194150573509831,0.012654753145052933,-0.1946893233032687,-0.08347841454168858
728,-0.2873556236289039,-0.4668106454375738,-0.1960535987592762,2.1136158843583983
729,0.153162790531283,0.4383048184484827,0.371204482263052,-1.228551965853212
730,0.2660647765353026,0.2884473432532987,0.16498490347599526,-2.2039913727999556
731,-0.239713142433997,0.40719503070582985,0.17073231190583404,-1.1372762813270056
732,0.06044063098043995,-0.3890105307865189,-0.052944456193574574,1.436681768431979
733,-0.039641728798073705,0.36456360952267,0.04664822018778847,-1.4398209021735273
734,-0.11959945102959035,0.47680032851065934,-0.3892794066736843,-4.190949379196476
735,-0.07745157168805539,-0.4579753248285947,0.23990412076693035,1.3967152796912892
736,0.41807655219915063,-0.21996267044951057,0.3583416767991209,0.9140136313759071
737,-0.20778176953810223,0.4107701616439152,0.25396190359678394,-0.006299428788755446
738,0.30490677684143863,-0.4819934443995455,0.46281035707402596,1.0512923707130875
739,0.22667099207032326,-0.19524890461386668,0.32939466485884694,0.42145943610216297
740,-0.21847880158507005,0.37275383956612795,-0.387419609588063,-1.143517777167164
741,0.20368597746079575,0.04069847664491033,-0.4034655298045592,-1.0926608140481677
742,-0.258106171741161,-0.4875959637226852,-0.03123203453549417,2.134869735125389
743,-0.19873473923999962,0.09835748429775881,-0.20276219229138281,0.5342072203821064
744,-0.2000808884930153,0.2431931987316034,-0.45185716402164655,-0.05849205985023265
745,0.40289499519198724,0.35226387439118145,0.16780468322640651,-1.1926077939352218
746,0.0932215701073843,0.39230249813965223,-0.31466982047128556,-1.430788977479153
747,-0.4210308378091714,-0.2604898300904619,0.29457827870019027,1.9542844267808934
748,-0.4653297332735167,0.08280683508348963,0.49543751619130993,1.0104753617935618
749,0.3556960938375394,0.021445689043589455,-0.43635909071335766,2.6392011394158565
750,0.33137351438570983,0.09897850817721054,-0.38506700294043317,-1.3386089122651428
751,-0.4061427151766438,0.4096268194365924,0.16920026293807844,-0.9452789185091536
752,0.32928679931675553,0.37897890028226733,0.07177235204832222,-0.8576176842630154
753,0.01744635175504128,-0.06957258967900981,-0.18305341220888072,0.013115224704193018
754,-0.06540403914128823,0.2738796557301564,0.10192343101513157,-0.7699083627581175
755,0.3925232899548461,-0.056619985620812274,0.10708957871875402,0.8534187417804276
756,0.13130755309198872,0.09169716230632552,0.20263377308551633,0.5264680242478894
757,-0.2625665316251937,0.012363777545790655,-0.39577519719165233,-0.4528484916727572
758,-0.11548867235518745,-0.01233293137873559,0.15222425954547247,0.06019483185022753
759,0.4505310525862035,0.10065106654835587,0.2435939161765598,1.9519821089964184
760,0.006266059495202758,0.1341040313763313,-0.42906778386622657,-1.627092740883111
761,-0.245608419158153,-0.1381469067948613,-0.02750664499348643,0.6957445411101119
762,-0.45435125449761626,-0.3599759024466823,-0.22318569220869422,2.9608329802381426
763,0.47153269090105066,-0.16865299289694924,-0.017958941887917468,1.3594249370839446
764,-0.30390228726160706,0.11078007107576826,-0.2193167844840257,-0.3387463861333511
765,-0.2930074215615732,0.016572628445979065,-0.4944942008395792,0.06585668578634996
766,-0.4923359673507747,-0.2809311908981422,-0.46327863749917886,2.69353617858828
767,-0.3919742458693086,-0.1611393506612484,0.30258567957981286,1.1910851724018143
768,0.07204864336930084,0.012667725956416409,-0.20651117679187836,-1.0519099764018975
769,0.4317537194328164,-0.10298495876280833,-0.4129072332042285,0.055281870726514026
770,0.11706651611780128,-0.3861616065233986,-0.15477685719830792,2.0763271718032486
771,0.007411938717808875,0.3742225246851758,-0.006453419659881332,-1.5130918533915312
772,0.20225876603166426,0.49281683899907036,-0.3685108801020184,-1.0289031627104541
773,-0.22526847448048049,-0.1054239244023536,-0.07817182146116863,0.6656358970291834
774,-0.08897892473445423,0.4076110025565549,0.21403264446685644,-1.8271601685190828
775,0.10790521409070375,-0.1906272821372179,0.3237903842212947,0.28808078508654245
776,0.45506051148498894,0.32119828255022653,-0.4984348948085271,1.2892210746201833
777,0.13640137018340703,-0.4488646185578993,-0.24239277966627815,1.9696417992935322
778,-0.4404752996522283,0.10379545294938775,0.18658991349260678,-0.09540850509309001
779,-0.3855123619340949,-0.11616111695502052,-0.04376349104445798,1.262220788269829
780,-0.1309469782390834,-0.37897499951480695,-0.08105220981252459,1.1108738349349432
781,0.2511780478084181,-0.42899233546674453,-0.41981998591809655,0.47938209924587394
782,-0.14522870816401579,0.44172571161892504,0.16857264672291405,-1.8494183659019816
783,0.1786699566725648,-0.13808000916213503,0.09366079120853843,0.6619686851558371
784,-0.4898688159722566,0.1360960464095422,0.41328694757623674,-1.2494956005046567
785,0.11257346834481918,0.37369859346634504,0.2239730554660938,-0.3761670443199052
786,-0.37944158359630975,0.4024533072858417,-0.4335561556442251,-3.6903825531302106
787,0.03396747254776378,-0.35786287620654234,-0.48829338926909593,1.2352367483845692
788,-0.077965739872361,-0.20495929234584376,-0.013999506202396983,0.7476689681488506
789,0.0771998867345508,-0.45626092769105264,-0.37699670487625436,1.667835878705264
790,0.05864239645042535,-0.15683264682734177,0.229173487549448,-0.34973560319908914
791,0.15229164859193967,0.3456043629899068,0.1924928266692253,-1.5082496357745145
792,-0.07006892260985187,0.1729666223944324,-0.22461882574458147,-0.8276642085066003
793,-0.19368650122178732,0.2889851599207933,-0.05358048359841783,-0.9427176007660908
794,0.2983803405183525,0.3224223736682784,0.35756233766128376,-1.2258619962181878
795,0.4166352358412073,-0.06901477948670376,-0.18113318167886117,0.8116417642257095
796,0.08219874659411386,-0.12882757656237243,0.10107416680023296,0.5401573560772382
797,0.2055858626438246,0.18840501849213687,-0.12544711297987865,-0.6334683503296402
798,-0.3331397983012472,-0.06947066153779247,-0.35740585591809126,1.7210863136177434
799,0.39009703518380834,-0.1541225392621426,-0.3455402527766762,1.7658633376662303
800,-0.4745522400942491,0.14582238628648425,0.13690231745474324,-0.5334090328148327